Date,Ticker,wsb_volume
2021-11-30,F,1
2021-11-25,F,1
2021-11-30,F,1
2021-11-23,F,3
2021-11-22,F,1
2021-11-21,F,1
2021-11-20,F,2
2021-11-19,F,4
2021-11-18,F,2
2021-11-17,F,3
2021-11-16,F,1
2021-11-13,F,2
2021-11-11,F,1
2021-11-10,F,3
2021-11-09,F,1
2021-11-07,F,3
2021-11-04,F,5
2021-11-03,F,1
2021-11-02,F,1
2021-10-30,F,1
2021-10-28,F,1
2021-10-25,F,2
2021-10-23,F,2
2021-10-19,F,1
2021-10-16,F,1
2021-10-13,F,1
2021-10-09,F,2
2021-10-05,F,1
2021-09-29,F,1
2021-09-28,F,1
2021-09-26,F,1
2021-09-23,F,1
2021-09-17,F,1
2021-09-14,F,5
2021-09-11,F,1
2021-09-09,F,1
2021-09-07,F,2
2021-09-06,F,1
2021-08-30,F,1
2021-08-29,F,1
2021-08-23,F,2
2021-08-17,F,1
2021-08-14,F,1
2021-08-12,F,1
2021-08-11,F,1
2021-08-04,F,1
2021-08-03,F,1
2021-08-01,F,1
2021-07-28,F,1
2021-07-26,F,3
2021-07-22,F,1
2021-07-18,F,1
2021-07-17,F,1
2021-07-15,F,1
2021-07-11,F,2
2021-07-07,F,1
2021-07-06,F,1
2021-06-27,F,2
2021-06-25,F,1
2021-06-20,F,1
2021-06-19,F,1
2021-06-18,F,1
2021-06-17,F,1
2021-06-13,F,1
2021-06-09,F,2
2021-06-06,F,1
2021-06-04,F,1
2021-06-03,F,2
2021-06-01,F,1
2021-05-29,F,2
2021-05-27,F,1
2021-05-26,F,1
2021-05-23,F,1
2021-05-21,F,1
2021-05-20,F,1
2021-05-18,F,1
2021-05-17,F,1
2021-05-14,F,1
2021-05-10,F,1
2021-05-08,F,1
2021-05-04,F,1
2021-05-02,F,1
2021-04-30,F,1
2021-03-27,F,1
2021-03-13,F,2
2021-03-02,F,1
2021-02-21,F,1
2021-02-19,F,2
2021-02-13,F,1
2021-02-11,F,1
2021-02-10,F,2
2021-01-16,F,1
2021-01-12,F,1
2021-01-10,F,2
2021-01-09,F,2
2020-12-29,F,1
2020-12-22,F,1
2020-12-19,F,1
2020-12-18,F,1
2020-12-08,F,3
2020-11-28,F,1
2020-11-20,F,1
2020-11-14,F,1
2020-11-09,F,1
2020-11-08,F,1
2020-11-02,F,1
2020-10-28,F,1
2020-10-23,F,1
2020-10-21,F,1
2020-10-16,F,1
2020-10-12,F,1
2020-10-05,F,1
2020-09-27,F,1
2020-09-21,F,1
2020-09-19,F,1
2020-09-09,F,1
2020-09-03,F,1
2020-08-27,F,1
2020-08-26,F,1
2020-08-19,F,1
2020-08-10,F,1
2020-08-06,F,1
2020-07-25,F,1
2020-07-24,F,1
2020-07-13,F,1
2020-07-10,F,3
2020-07-09,F,1
2020-07-08,F,1
2020-07-07,F,1
2020-07-06,F,4
2020-06-29,F,1
2020-06-24,F,1
2020-06-23,F,1
2020-06-17,F,1
2020-06-16,F,2
2020-06-08,F,1
2020-06-05,F,1
2020-06-04,F,2
2020-05-28,F,1
2020-05-24,F,2
2020-05-23,F,2
2020-05-21,F,1
2020-05-16,F,1
2020-05-14,F,1
2020-05-09,F,2
2020-05-02,F,1
2020-05-01,F,1
2020-04-29,F,2
2020-04-28,F,4
2020-04-25,F,1
2020-04-24,F,1
2020-04-18,F,1
2020-04-14,F,1
2020-04-13,F,1
2020-04-12,F,1
2020-04-11,F,1
2020-04-03,F,1
2020-04-02,F,1
2020-03-30,F,1
2020-03-27,F,1
2020-03-26,F,1
2020-03-25,F,5
2020-03-24,F,1
2020-03-22,F,1
2020-03-19,F,1
2020-03-17,F,1
2020-03-13,F,1
2020-02-26,F,1
2020-02-13,F,1
2020-02-12,F,1
2020-02-09,F,1
2020-02-08,F,1
2020-02-07,F,1
2020-02-05,F,1
2020-02-04,F,1
2020-02-01,F,1
2020-01-29,F,1
2020-01-23,F,1
2020-01-22,F,1
2020-01-08,F,2
2020-01-07,F,1
2020-01-06,F,1
2020-01-05,F,1
2020-01-04,F,1
2019-12-30,F,1
2019-12-21,F,1
2019-12-17,F,1
2019-12-14,F,1
2019-12-12,F,1
2019-12-08,F,1
2019-11-27,F,1
2019-11-25,F,1
2019-11-24,F,1
2019-11-14,F,1
2019-11-13,F,1
2019-11-07,F,1
2019-11-01,F,1
2019-10-31,F,2
2019-10-28,F,2
2019-10-27,F,1
2019-10-23,F,2
2019-10-21,F,1
2019-10-20,F,1
2019-10-16,F,1
2019-10-02,F,1
2019-09-30,F,1
2019-09-22,F,1
2019-09-19,F,1
2019-09-15,F,1
2019-09-13,F,1
2019-09-12,F,4
2019-09-10,F,2
2019-09-09,F,2
2019-08-21,F,2
2019-08-18,F,1
2019-08-16,F,1
2019-08-13,F,3
2019-08-12,F,1
2019-08-11,F,1
2019-08-10,F,2
2019-08-07,F,1
2019-07-29,F,2
2019-07-24,F,4
2019-07-23,F,2
2019-07-16,F,1
2019-07-14,F,1
2019-07-06,F,1
2019-06-29,F,1
2019-06-25,F,1
2019-06-12,F,1
2019-06-11,F,1
2019-06-10,F,1
2019-06-07,F,1
2019-06-02,F,1
2019-05-31,F,1
2019-05-28,F,1
2019-05-22,F,2
2019-05-20,F,1
2019-05-16,F,3
2019-05-14,F,1
2019-05-12,F,1
2019-05-07,F,1
2019-04-28,F,1
2019-04-26,F,2
2019-04-25,F,5
2019-04-24,F,2
2019-04-21,F,1
2019-04-20,F,1
2019-04-18,F,1
2019-04-13,F,1
2019-04-05,F,3
2019-04-03,F,1
2019-03-26,F,2
2019-03-22,F,1
2019-03-18,F,2
2019-03-17,F,1
2019-03-13,F,1
2019-03-11,F,1
2019-03-08,F,1
2019-02-21,F,2
2019-02-17,F,1
2019-02-12,F,1
2019-02-07,F,1
2019-02-06,F,1
2019-01-28,F,1
2019-01-23,F,2
2019-01-22,F,2
2019-01-21,F,1
2019-01-19,F,2
2019-01-15,F,1
2019-01-14,F,1
2019-01-13,F,1
2019-01-11,F,1
2019-01-10,F,1
2019-01-09,F,1
2019-01-04,F,1
2019-01-02,F,1
2018-12-31,F,2
2018-12-26,F,1
2018-12-24,F,1
2018-12-19,F,1
2018-12-11,F,1
2018-12-10,F,1
2018-12-03,F,1
2018-11-30,F,1
2018-11-27,F,1
2018-11-26,F,1
2018-11-16,F,1
2018-11-07,F,1
2018-11-02,F,1
2018-10-30,F,1
2018-10-27,F,1
2018-10-24,F,1
2018-10-23,F,2
2018-10-18,F,1
2018-10-17,F,1
2018-10-15,F,1
2018-10-13,F,2
2018-10-12,F,1
2018-10-09,F,1
2018-10-08,F,1
2018-10-04,F,1
2018-10-03,F,1
2018-09-26,F,2
2018-09-23,F,1
2018-09-14,F,1
2018-09-13,F,1
2018-09-12,F,1
2018-09-11,F,1
2018-09-08,F,1
2018-09-07,F,1
2018-09-06,F,1
2018-09-05,F,2
2018-08-31,F,2
2018-08-30,F,2
2018-08-20,F,1
2018-08-13,F,1
2018-08-12,F,1
2018-08-10,F,1
2018-08-04,F,1
2018-07-29,F,1
2018-07-25,F,2
2018-07-20,F,1
2018-07-19,F,3
2018-07-09,F,1
2018-07-08,F,1
2018-07-03,F,1
2018-07-02,F,2
2018-07-01,F,8
2018-06-29,F,1
2018-06-21,F,1
2018-06-20,F,1
2018-06-09,F,1
2018-05-30,F,1
2018-05-22,F,2
2018-05-19,F,1
2018-05-17,F,1
2018-05-11,F,3
2018-05-09,F,1
2018-05-01,F,1
2018-04-25,F,1
2018-04-22,F,1
2018-04-18,F,1
2018-04-12,F,1
2018-04-09,F,3
2018-04-06,F,1
2018-03-29,F,1
2018-03-28,F,1
2018-02-21,F,1
2018-02-01,F,1
2018-01-31,F,2
2018-01-29,F,2
2018-01-23,F,1
2018-01-22,F,1
2018-01-15,F,1
2018-01-05,F,1
2017-12-28,F,1
2017-12-23,F,2
2017-12-22,F,1
2017-12-21,F,1
2017-12-08,F,1
2017-12-06,F,1
2017-12-05,F,1
2017-11-08,F,3
2017-11-01,F,1
2017-10-30,F,1
2017-10-27,F,1
2017-10-25,F,1
2017-10-24,F,1
2017-10-16,F,2
2017-10-05,F,2
2017-09-30,F,1
2017-09-27,F,1
2017-09-26,F,1
2017-09-13,F,1
2017-09-04,F,1
2017-08-31,F,1
2017-08-29,F,3
2017-08-28,F,1
2017-08-15,F,1
2017-08-08,F,2
2017-07-31,F,1
2017-07-23,F,1
2017-07-19,F,1
2017-07-14,F,1
2017-07-11,F,1
2017-07-10,F,1
2017-07-03,F,1
2017-06-30,F,1
2017-06-23,F,1
2017-06-12,F,1
2017-06-01,F,1
2017-05-31,F,1
2017-05-26,F,1
2017-05-25,F,1
2017-05-21,F,3
2017-05-20,F,1
2017-05-15,F,1
2017-05-13,F,1
2017-05-06,F,1
2017-05-05,F,1
2017-05-02,F,2
2017-05-01,F,1
2017-04-26,F,2
2017-04-14,F,1
2017-04-13,F,1
2017-04-08,F,5
2017-04-06,F,2
2017-04-04,F,1
2017-04-03,F,1
2017-03-29,F,1
2017-03-04,F,1
2017-02-28,F,1
2017-02-22,F,1
2017-02-07,F,1
2017-02-05,F,1
2017-01-30,F,3
2017-01-28,F,1
2017-01-27,F,2
2017-01-26,F,3
2017-01-22,F,1
2017-01-21,F,1
2017-01-16,F,1
2017-01-12,F,1
2017-01-08,F,3
2017-01-04,F,1
2017-01-03,F,2
2016-12-27,F,1
2016-12-21,F,1
2016-12-17,F,1
2016-12-12,F,1
2016-12-07,F,1
2016-12-02,F,1
2016-11-21,F,1
2016-11-18,F,1
2016-11-15,F,1
2016-11-11,F,1
2016-11-10,F,3
2016-11-09,F,1
2016-11-08,F,1
2016-11-02,F,1
2016-10-31,F,1
2016-10-28,F,2
2016-10-26,F,1
2016-10-24,F,1
2016-10-23,F,1
2016-10-21,F,1
2016-10-17,F,1
2016-10-12,F,1
2016-09-28,F,1
2016-09-25,F,1
2016-09-20,F,1
2016-09-13,F,1
2016-08-23,F,3
2016-08-19,F,2
2016-08-16,F,1
2016-08-15,F,2
2016-08-12,F,1
2016-08-10,F,1
2016-08-09,F,2
2016-08-08,F,1
2016-08-07,F,1
2016-08-05,F,1
2016-08-04,F,1
2016-08-03,F,1
2016-08-02,F,2
2016-07-29,F,1
2016-07-28,F,1
2016-07-27,F,2
2016-07-26,F,2
2016-07-25,F,1
2016-07-20,F,1
2016-07-14,F,2
2016-07-12,F,1
2016-06-30,F,1
2016-06-25,F,1
2016-06-24,F,1
2016-06-22,F,1
2016-06-07,F,1
2016-05-30,F,1
2016-05-28,F,1
2016-05-19,F,1
2016-05-14,F,1
2016-05-11,F,1
2016-05-04,F,1
2016-04-27,F,1
2016-04-25,F,1
2016-04-20,F,1
2016-04-18,F,1
2016-04-15,F,1
2016-04-05,F,1
2016-04-01,F,1
2016-03-30,F,2
2016-03-29,F,1
2016-02-06,F,1
2016-02-05,F,1
2016-02-03,F,1
2016-01-27,F,3
2016-01-25,F,1
2016-01-22,F,1
2016-01-21,F,1
2016-01-11,F,1
2016-01-06,F,2
2016-01-05,F,2
2015-12-27,F,1
2015-12-22,F,1
2015-12-15,F,1
2015-11-06,F,1
2015-10-26,F,1
2015-10-15,F,1
2015-08-31,F,1
2015-08-30,F,1
2015-08-15,F,1
2015-08-01,F,4
2015-05-22,F,1
2015-05-15,F,1
2015-04-24,F,1
2015-04-14,F,1
2015-04-13,F,1
2015-04-08,F,3
2015-04-05,F,1
2015-04-01,F,1
2015-02-11,F,1
2015-01-25,F,1
2015-01-01,F,1
2014-12-26,F,1
2014-12-24,F,1
2014-10-30,F,1
2014-10-24,F,1
2014-07-07,F,1
2014-05-05,F,1
2014-04-16,F,1
2014-02-13,F,1
2014-02-11,F,2
2014-02-03,F,1
2014-01-26,F,1
2014-01-24,F,1
2012-08-17,F,1
2012-06-29,F,1
2012-05-07,F,1
